{"cameraMode":{"drawMode":0,"name":"Shaded","section":"Shading Mode"},"sceneLighting":false,"audioPlay":false,"sceneViewState":{"m_AlwaysRefresh":false,"showFog":true,"showSkybox":false,"showFlares":true,"showImageEffects":true,"showParticleSystems":true,"showVisualEffectGraphs":true,"m_FxEnabled":true},"in2DMode":false,"pivot":{"x":0.41695329546928408,"y":0.2665465772151947,"z":0.008519589900970459},"rotation":{"x":0.009268050082027913,"y":-0.09436165541410446,"z":0.00088205945212394,"w":0.9955141544342041},"size":9.388114929199219,"orthographic":false}